,ts_event,open,high,low,close,volume,product_id,ticker
3,2022-03-14 08:00:00,281.0,281.07,281.0,281.01,43,7314,MSFT
8,2022-03-14 08:01:00,280.88,281.35,280.64,281.35,83,7314,MSFT
16,2022-03-14 08:02:00,280.34,280.41,280.34,280.41,4,7314,MSFT
23,2022-03-14 08:03:00,280.41,281.0,280.34,281.0,32,7314,MSFT
31,2022-03-14 08:04:00,280.99,280.99,280.55,280.55,335,7314,MSFT
42,2022-03-14 08:05:00,280.99,281.0,280.62,280.62,258,7314,MSFT
44,2022-03-14 08:06:00,280.62,280.62,280.62,280.62,1,7314,MSFT
53,2022-03-14 08:07:00,281.1,281.47,281.1,281.26,33,7314,MSFT
54,2022-03-14 08:08:00,281.44,281.69,281.44,281.69,64,7314,MSFT
63,2022-03-14 08:09:00,281.79,282.18,281.6,282.03,318,7314,MSFT
69,2022-03-14 08:10:00,281.99,281.99,281.65,281.69,41,7314,MSFT
75,2022-03-14 08:11:00,281.9,281.99,281.49,281.49,519,7314,MSFT
86,2022-03-14 08:12:00,281.99,281.99,281.5,281.97,154,7314,MSFT
92,2022-03-14 08:13:00,281.56,281.72,281.49,281.72,10,7314,MSFT
94,2022-03-14 08:14:00,281.55,281.55,281.55,281.55,1,7314,MSFT
98,2022-03-14 08:15:00,281.5,281.5,281.5,281.5,11,7314,MSFT
104,2022-03-14 08:16:00,281.48,281.5,281.48,281.5,94,7314,MSFT
111,2022-03-14 08:17:00,281.5,281.5,281.5,281.5,1,7314,MSFT
119,2022-03-14 08:19:00,281.74,281.74,281.45,281.45,33,7314,MSFT
127,2022-03-14 08:20:00,281.38,281.78,281.35,281.78,358,7314,MSFT
131,2022-03-14 08:21:00,281.6,281.6,281.6,281.6,50,7314,MSFT
134,2022-03-14 08:22:00,281.48,281.49,281.48,281.49,20,7314,MSFT
139,2022-03-14 08:23:00,281.49,281.59,281.49,281.54,234,7314,MSFT
149,2022-03-14 08:24:00,281.5,281.54,281.5,281.54,316,7314,MSFT
152,2022-03-14 08:25:00,281.5,281.5,281.25,281.25,130,7314,MSFT
162,2022-03-14 08:26:00,281.25,281.25,280.2,281.0,2273,7314,MSFT
169,2022-03-14 08:27:00,280.78,280.78,280.5,280.78,71,7314,MSFT
170,2022-03-14 08:28:00,280.63,280.98,280.63,280.98,57,7314,MSFT
175,2022-03-14 08:29:00,281.0,281.01,280.98,280.98,172,7314,MSFT
178,2022-03-14 08:30:00,280.49,280.49,280.49,280.49,5,7314,MSFT
189,2022-03-14 08:31:00,280.52,280.52,280.52,280.52,65,7314,MSFT
192,2022-03-14 08:32:00,280.53,280.53,280.5,280.5,395,7314,MSFT
204,2022-03-14 08:33:00,280.45,280.78,280.45,280.78,68,7314,MSFT
205,2022-03-14 08:34:00,280.72,280.83,280.72,280.83,79,7314,MSFT
213,2022-03-14 08:35:00,281.0,281.27,281.0,281.27,117,7314,MSFT
218,2022-03-14 08:36:00,281.2,281.39,281.2,281.39,543,7314,MSFT
222,2022-03-14 08:37:00,281.38,281.38,281.38,281.38,1,7314,MSFT
228,2022-03-14 08:38:00,281.11,281.11,281.11,281.11,6,7314,MSFT
230,2022-03-14 08:39:00,281.1,281.1,280.72,280.72,90,7314,MSFT
237,2022-03-14 08:40:00,280.78,280.98,280.78,280.98,5,7314,MSFT
240,2022-03-14 08:41:00,280.87,280.87,280.87,280.87,3,7314,MSFT
249,2022-03-14 08:42:00,280.89,280.89,280.89,280.89,3,7314,MSFT
254,2022-03-14 08:43:00,280.8,280.89,280.8,280.89,10,7314,MSFT
258,2022-03-14 08:44:00,280.8,280.87,280.72,280.72,5,7314,MSFT
271,2022-03-14 08:45:00,280.72,281.0,280.72,281.0,39,7314,MSFT
272,2022-03-14 08:46:00,281.07,281.07,281.07,281.07,5,7314,MSFT
276,2022-03-14 08:47:00,281.19,281.37,281.19,281.37,40,7314,MSFT
277,2022-03-14 08:48:00,281.37,281.45,281.37,281.44,102,7314,MSFT
288,2022-03-14 08:49:00,281.42,281.51,281.42,281.51,60,7314,MSFT
292,2022-03-14 08:50:00,281.51,281.75,281.5,281.74,503,7314,MSFT
304,2022-03-14 08:51:00,281.72,281.72,281.5,281.5,13,7314,MSFT
307,2022-03-14 08:52:00,281.38,281.38,281.07,281.07,792,7314,MSFT
315,2022-03-14 08:53:00,281.14,281.14,281.14,281.14,8,7314,MSFT
325,2022-03-14 08:54:00,281.03,281.03,280.65,280.73,161,7314,MSFT
332,2022-03-14 08:56:00,281.0,281.0,281.0,281.0,10,7314,MSFT
335,2022-03-14 08:57:00,281.0,281.19,281.0,281.19,4,7314,MSFT
347,2022-03-14 08:59:00,281.18,281.18,281.18,281.18,1,7314,MSFT
353,2022-03-14 09:00:00,281.18,281.18,281.0,281.0,14,7314,MSFT
358,2022-03-14 09:01:00,281.01,281.03,281.01,281.03,74,7314,MSFT
361,2022-03-14 09:02:00,281.07,281.76,281.07,281.76,510,7314,MSFT
366,2022-03-14 09:03:00,281.77,281.81,281.66,281.69,161,7314,MSFT
372,2022-03-14 09:04:00,281.82,281.99,281.82,281.96,851,7314,MSFT
376,2022-03-14 09:05:00,281.9,281.9,281.9,281.9,10,7314,MSFT
383,2022-03-14 09:06:00,281.73,281.73,281.66,281.66,100,7314,MSFT
390,2022-03-14 09:07:00,281.7,281.7,281.66,281.66,12,7314,MSFT
398,2022-03-14 09:08:00,281.6,281.6,281.6,281.6,1,7314,MSFT
402,2022-03-14 09:09:00,281.62,281.62,281.62,281.62,3,7314,MSFT
406,2022-03-14 09:10:00,281.62,281.7,281.62,281.7,11,7314,MSFT
407,2022-03-14 09:11:00,281.7,281.87,281.7,281.87,25,7314,MSFT
413,2022-03-14 09:12:00,281.84,281.84,281.84,281.84,51,7314,MSFT
419,2022-03-14 09:13:00,281.62,281.62,281.59,281.59,91,7314,MSFT
423,2022-03-14 09:14:00,281.81,281.81,281.59,281.59,51,7314,MSFT
424,2022-03-14 09:15:00,281.59,281.79,281.59,281.79,9,7314,MSFT
431,2022-03-14 09:16:00,281.79,281.8,281.79,281.79,13,7314,MSFT
437,2022-03-14 09:17:00,281.53,281.53,281.52,281.52,4,7314,MSFT
442,2022-03-14 09:18:00,281.16,281.16,281.16,281.16,3,7314,MSFT
446,2022-03-14 09:20:00,281.3,281.46,281.3,281.46,222,7314,MSFT
457,2022-03-14 09:22:00,281.31,281.31,281.31,281.31,6,7314,MSFT
475,2022-03-14 09:25:00,281.32,281.32,281.32,281.32,1,7314,MSFT
478,2022-03-14 09:26:00,281.22,281.24,280.48,280.48,336,7314,MSFT
485,2022-03-14 09:27:00,280.89,280.89,280.42,280.42,103,7314,MSFT
492,2022-03-14 09:28:00,280.71,280.8,280.39,280.71,160,7314,MSFT
495,2022-03-14 09:29:00,280.71,280.71,280.71,280.71,10,7314,MSFT
498,2022-03-14 09:30:00,280.86,280.97,280.86,280.97,99,7314,MSFT
503,2022-03-14 09:31:00,281.09,281.09,281.09,281.09,46,7314,MSFT
511,2022-03-14 09:32:00,281.25,281.25,281.13,281.13,100,7314,MSFT
517,2022-03-14 09:33:00,281.4,281.4,281.4,281.4,10,7314,MSFT
525,2022-03-14 09:35:00,281.3,281.5,281.29,281.5,140,7314,MSFT
535,2022-03-14 09:37:00,281.42,281.42,281.42,281.42,1,7314,MSFT
541,2022-03-14 09:38:00,281.68,281.69,281.68,281.69,26,7314,MSFT
547,2022-03-14 09:39:00,281.7,281.7,281.7,281.7,1,7314,MSFT
553,2022-03-14 09:40:00,281.7,281.7,281.58,281.58,53,7314,MSFT
563,2022-03-14 09:41:00,281.62,281.74,281.62,281.74,2,7314,MSFT
570,2022-03-14 09:42:00,281.88,282.0,281.88,282.0,208,7314,MSFT
577,2022-03-14 09:43:00,282.3,283.19,282.3,283.11,612,7314,MSFT
587,2022-03-14 09:44:00,283.0,283.0,282.51,282.51,446,7314,MSFT
592,2022-03-14 09:45:00,282.5,282.5,282.5,282.5,3,7314,MSFT
601,2022-03-14 09:46:00,282.45,282.45,282.45,282.45,134,7314,MSFT
607,2022-03-14 09:47:00,282.52,282.52,282.52,282.52,1,7314,MSFT
613,2022-03-14 09:48:00,282.82,282.82,282.78,282.78,21,7314,MSFT
623,2022-03-14 09:49:00,282.75,282.79,282.75,282.79,85,7314,MSFT
630,2022-03-14 09:50:00,282.79,282.79,282.76,282.76,17,7314,MSFT
637,2022-03-14 09:51:00,282.76,283.16,282.76,283.16,3294,7314,MSFT
640,2022-03-14 09:52:00,283.19,283.5,283.19,283.42,335,7314,MSFT
644,2022-03-14 09:53:00,283.36,283.48,283.36,283.48,113,7314,MSFT
652,2022-03-14 09:54:00,283.48,283.48,283.48,283.48,5,7314,MSFT
656,2022-03-14 09:55:00,283.46,283.46,283.46,283.46,1,7314,MSFT
670,2022-03-14 09:56:00,283.45,283.77,283.45,283.47,1032,7314,MSFT
675,2022-03-14 09:57:00,283.55,283.55,283.0,283.2,1363,7314,MSFT
687,2022-03-14 09:59:00,283.23,283.23,283.2,283.2,105,7314,MSFT
701,2022-03-14 10:00:00,283.45,283.45,282.6,283.18,1392,7314,MSFT
712,2022-03-14 10:01:00,283.17,283.17,283.17,283.17,6,7314,MSFT
722,2022-03-14 10:02:00,283.17,283.21,283.17,283.21,27,7314,MSFT
730,2022-03-14 10:03:00,283.1,283.1,283.1,283.1,1,7314,MSFT
738,2022-03-14 10:04:00,283.01,283.08,283.01,283.08,101,7314,MSFT
745,2022-03-14 10:05:00,282.82,283.22,282.82,282.98,182,7314,MSFT
753,2022-03-14 10:07:00,282.96,282.96,282.96,282.96,1,7314,MSFT
766,2022-03-14 10:08:00,282.9,282.9,282.9,282.9,4,7314,MSFT
770,2022-03-14 10:09:00,282.91,282.91,282.91,282.91,2,7314,MSFT
778,2022-03-14 10:10:00,282.42,282.42,281.8,281.8,121,7314,MSFT
787,2022-03-14 10:11:00,282.09,282.09,282.07,282.07,91,7314,MSFT
792,2022-03-14 10:12:00,282.0,282.18,282.0,282.18,224,7314,MSFT
801,2022-03-14 10:13:00,282.28,282.5,282.21,282.5,40,7314,MSFT
804,2022-03-14 10:14:00,282.53,282.53,282.53,282.53,8,7314,MSFT
812,2022-03-14 10:15:00,282.72,282.72,282.72,282.72,1,7314,MSFT
820,2022-03-14 10:16:00,282.72,282.72,282.72,282.72,15,7314,MSFT
828,2022-03-14 10:17:00,282.71,282.71,282.71,282.71,2,7314,MSFT
832,2022-03-14 10:18:00,282.53,282.53,282.53,282.53,11,7314,MSFT
835,2022-03-14 10:19:00,282.5,282.5,282.33,282.33,222,7314,MSFT
845,2022-03-14 10:20:00,282.31,282.4,282.31,282.4,2,7314,MSFT
860,2022-03-14 10:23:00,282.32,282.32,282.0,282.0,12,7314,MSFT
863,2022-03-14 10:24:00,282.26,282.26,282.26,282.26,2,7314,MSFT
880,2022-03-14 10:26:00,282.24,282.24,282.24,282.24,1,7314,MSFT
882,2022-03-14 10:27:00,282.03,282.37,282.03,282.2,108,7314,MSFT
892,2022-03-14 10:28:00,282.2,282.3,282.06,282.3,9,7314,MSFT
901,2022-03-14 10:30:00,282.3,282.53,282.3,282.53,360,7314,MSFT
905,2022-03-14 10:31:00,282.43,282.59,282.3,282.59,336,7314,MSFT
914,2022-03-14 10:32:00,282.59,282.59,282.59,282.59,1,7314,MSFT
917,2022-03-14 10:33:00,282.5,282.5,282.38,282.38,75,7314,MSFT
926,2022-03-14 10:34:00,282.38,282.38,282.38,282.38,1,7314,MSFT
930,2022-03-14 10:35:00,282.38,282.38,282.38,282.38,12,7314,MSFT
939,2022-03-14 10:37:00,282.38,282.56,282.38,282.56,8,7314,MSFT
941,2022-03-14 10:38:00,282.56,282.56,282.56,282.56,3,7314,MSFT
950,2022-03-14 10:39:00,282.5,282.5,282.3,282.5,104,7314,MSFT
962,2022-03-14 10:41:00,282.28,282.28,281.71,281.71,465,7314,MSFT
969,2022-03-14 10:42:00,281.73,282.61,281.67,281.97,228,7314,MSFT
980,2022-03-14 10:44:00,282.0,282.0,282.0,282.0,3,7314,MSFT
990,2022-03-14 10:45:00,282.33,282.33,282.33,282.33,1,7314,MSFT
1006,2022-03-14 10:46:00,282.22,282.22,282.21,282.21,15,7314,MSFT
1018,2022-03-14 10:47:00,281.99,282.01,281.99,282.01,2,7314,MSFT
1021,2022-03-14 10:48:00,282.07,282.07,282.07,282.07,4,7314,MSFT
1025,2022-03-14 10:49:00,282.12,282.12,282.0,282.0,128,7314,MSFT
1032,2022-03-14 10:50:00,282.09,282.09,282.09,282.09,35,7314,MSFT
1033,2022-03-14 10:51:00,281.78,281.78,281.78,281.78,1,7314,MSFT
1042,2022-03-14 10:53:00,281.85,282.01,281.85,282.01,55,7314,MSFT
1046,2022-03-14 10:54:00,282.01,282.01,282.01,282.01,2,7314,MSFT
1050,2022-03-14 10:55:00,282.02,282.02,281.87,281.87,6,7314,MSFT
1072,2022-03-14 10:58:00,282.44,282.46,282.44,282.45,45,7314,MSFT
1083,2022-03-14 10:59:00,282.45,282.45,282.02,282.02,131,7314,MSFT
1086,2022-03-14 11:00:00,282.25,282.51,282.02,282.13,287,7314,MSFT
1116,2022-03-14 11:01:00,282.13,282.13,281.8,281.8,1408,7314,MSFT
1127,2022-03-14 11:02:00,281.75,281.77,281.52,281.52,220,7314,MSFT
1134,2022-03-14 11:03:00,281.53,281.76,281.53,281.76,203,7314,MSFT
1144,2022-03-14 11:04:00,281.51,281.51,281.43,281.43,40,7314,MSFT
1155,2022-03-14 11:05:00,281.47,281.72,281.47,281.72,87,7314,MSFT
1170,2022-03-14 11:06:00,281.34,281.48,281.21,281.44,189,7314,MSFT
1176,2022-03-14 11:07:00,281.55,281.57,281.41,281.57,185,7314,MSFT
1179,2022-03-14 11:08:00,281.39,281.39,281.25,281.25,55,7314,MSFT
1187,2022-03-14 11:09:00,281.22,281.39,281.21,281.27,143,7314,MSFT
1191,2022-03-14 11:10:00,281.43,281.43,281.17,281.17,23,7314,MSFT
1200,2022-03-14 11:11:00,281.33,281.33,281.33,281.33,16,7314,MSFT
1208,2022-03-14 11:12:00,281.5,281.65,281.4,281.57,228,7314,MSFT
1216,2022-03-14 11:13:00,281.59,281.77,281.59,281.75,1271,7314,MSFT
1241,2022-03-14 11:14:00,281.75,281.75,281.75,281.75,4,7314,MSFT
1250,2022-03-14 11:15:00,281.76,281.85,281.76,281.85,23,7314,MSFT
1260,2022-03-14 11:16:00,281.9,282.05,281.88,281.88,502,7314,MSFT
1275,2022-03-14 11:17:00,281.83,281.88,281.6,281.88,9,7314,MSFT
1280,2022-03-14 11:18:00,281.97,282.15,281.97,282.15,115,7314,MSFT
1292,2022-03-14 11:19:00,282.09,282.09,282.09,282.09,1,7314,MSFT
1298,2022-03-14 11:20:00,281.9,282.21,281.9,282.21,203,7314,MSFT
1310,2022-03-14 11:21:00,282.21,282.22,281.97,281.97,206,7314,MSFT
1326,2022-03-14 11:23:00,281.97,281.97,281.97,281.97,1,7314,MSFT
1334,2022-03-14 11:24:00,281.97,282.1,281.88,281.88,388,7314,MSFT
1344,2022-03-14 11:25:00,281.85,281.85,281.06,281.21,598,7314,MSFT
1358,2022-03-14 11:26:00,281.6,281.6,281.6,281.6,10,7314,MSFT
1367,2022-03-14 11:27:00,281.49,281.6,281.07,281.15,266,7314,MSFT
1375,2022-03-14 11:28:00,281.15,281.43,281.15,281.43,66,7314,MSFT
1394,2022-03-14 11:29:00,281.18,281.18,279.69,280.38,2165,7314,MSFT
1396,2022-03-14 11:30:00,280.38,280.38,279.94,280.02,1149,7314,MSFT
1407,2022-03-14 11:31:00,280.11,280.88,280.11,280.7,630,7314,MSFT
1416,2022-03-14 11:32:00,280.96,280.96,280.41,280.41,549,7314,MSFT
1427,2022-03-14 11:33:00,280.42,280.77,280.25,280.3,174,7314,MSFT
1435,2022-03-14 11:34:00,280.67,280.67,280.67,280.67,2,7314,MSFT
1455,2022-03-14 11:35:00,280.65,280.67,280.65,280.67,60,7314,MSFT
1466,2022-03-14 11:36:00,280.86,281.0,280.86,280.9,289,7314,MSFT
1473,2022-03-14 11:37:00,280.9,281.0,280.9,281.0,98,7314,MSFT
1480,2022-03-14 11:38:00,281.0,281.0,280.53,280.53,343,7314,MSFT
1491,2022-03-14 11:39:00,280.8,280.8,280.8,280.8,1,7314,MSFT
1497,2022-03-14 11:40:00,280.83,280.89,280.83,280.89,5,7314,MSFT
1509,2022-03-14 11:42:00,280.89,280.95,280.89,280.95,13,7314,MSFT
1526,2022-03-14 11:43:00,281.0,281.0,280.53,280.53,577,7314,MSFT
1534,2022-03-14 11:44:00,280.86,280.86,280.86,280.86,3,7314,MSFT
1535,2022-03-14 11:45:00,280.33,280.6,280.24,280.6,15,7314,MSFT
1546,2022-03-14 11:46:00,280.31,280.35,279.75,279.75,2398,7314,MSFT
1553,2022-03-14 11:47:00,280.0,280.0,279.62,280.0,320,7314,MSFT
1558,2022-03-14 11:48:00,279.84,279.9,279.5,279.55,1124,7314,MSFT
1566,2022-03-14 11:49:00,279.49,279.64,279.36,279.64,1874,7314,MSFT
1589,2022-03-14 11:50:00,279.39,279.71,279.39,279.68,158,7314,MSFT
1597,2022-03-14 11:51:00,279.67,279.9,279.67,279.88,215,7314,MSFT
1609,2022-03-14 11:52:00,279.76,279.76,279.58,279.58,151,7314,MSFT
1617,2022-03-14 11:53:00,279.58,279.58,279.47,279.53,102,7314,MSFT
1628,2022-03-14 11:54:00,279.5,279.5,279.5,279.5,5,7314,MSFT
1630,2022-03-14 11:55:00,279.5,279.5,279.4,279.4,23,7314,MSFT
1641,2022-03-14 11:56:00,279.39,279.39,279.11,279.15,1178,7314,MSFT
1647,2022-03-14 11:57:00,279.39,279.55,279.39,279.41,82,7314,MSFT
1657,2022-03-14 11:58:00,279.53,279.85,279.53,279.85,3,7314,MSFT
1664,2022-03-14 11:59:00,279.85,279.85,279.85,279.85,3,7314,MSFT
1676,2022-03-14 12:00:00,279.72,279.76,279.72,279.76,58,7314,MSFT
1682,2022-03-14 12:01:00,279.87,280.11,279.87,280.05,31,7314,MSFT
1694,2022-03-14 12:02:00,280.27,280.29,280.07,280.07,21,7314,MSFT
1705,2022-03-14 12:04:00,280.31,280.73,280.31,280.73,606,7314,MSFT
1709,2022-03-14 12:05:00,280.75,280.75,280.41,280.41,53,7314,MSFT
1720,2022-03-14 12:06:00,280.41,280.79,280.4,280.47,328,7314,MSFT
1730,2022-03-14 12:07:00,280.47,280.47,280.47,280.47,41,7314,MSFT
1735,2022-03-14 12:08:00,280.47,280.74,280.47,280.74,71,7314,MSFT
1743,2022-03-14 12:09:00,280.56,280.75,280.52,280.52,86,7314,MSFT
1751,2022-03-14 12:10:00,280.6,280.6,280.6,280.6,71,7314,MSFT
1757,2022-03-14 12:11:00,280.65,280.65,280.6,280.6,198,7314,MSFT
1765,2022-03-14 12:12:00,280.6,280.6,280.5,280.5,370,7314,MSFT
1774,2022-03-14 12:13:00,280.59,281.0,280.59,280.73,730,7314,MSFT
1779,2022-03-14 12:14:00,280.73,281.01,280.5,281.01,301,7314,MSFT
1790,2022-03-14 12:15:00,280.99,281.42,280.99,281.0,497,7314,MSFT
1797,2022-03-14 12:17:00,280.79,280.94,280.75,280.94,186,7314,MSFT
1801,2022-03-14 12:18:00,280.52,280.52,280.16,280.47,350,7314,MSFT
1813,2022-03-14 12:19:00,280.43,280.5,280.15,280.15,286,7314,MSFT
1831,2022-03-14 12:21:00,280.56,280.56,280.56,280.56,1,7314,MSFT
1840,2022-03-14 12:22:00,280.55,280.64,280.23,280.23,111,7314,MSFT
1849,2022-03-14 12:23:00,280.5,280.5,280.46,280.46,108,7314,MSFT
1858,2022-03-14 12:24:00,280.46,281.0,280.46,281.0,106,7314,MSFT
1860,2022-03-14 12:25:00,280.71,280.71,280.71,280.71,1,7314,MSFT
1884,2022-03-14 12:27:00,280.8,280.9,280.8,280.9,21,7314,MSFT
1892,2022-03-14 12:28:00,281.0,281.0,280.74,280.74,204,7314,MSFT
1895,2022-03-14 12:29:00,280.99,280.99,280.99,280.99,1,7314,MSFT
1902,2022-03-14 12:30:00,280.99,281.38,280.99,281.38,444,7314,MSFT
1910,2022-03-14 12:31:00,281.38,281.38,281.38,281.38,5,7314,MSFT
1914,2022-03-14 12:32:00,281.17,281.28,281.17,281.28,4,7314,MSFT
1919,2022-03-14 12:33:00,280.85,280.88,280.84,280.84,25,7314,MSFT
1931,2022-03-14 12:34:00,281.37,281.5,281.37,281.5,76,7314,MSFT
1936,2022-03-14 12:35:00,281.49,281.49,281.49,281.49,7,7314,MSFT
1941,2022-03-14 12:36:00,281.27,281.49,281.27,281.45,716,7314,MSFT
1951,2022-03-14 12:38:00,281.27,281.27,281.27,281.27,200,7314,MSFT
1956,2022-03-14 12:39:00,281.25,281.44,281.25,281.44,5,7314,MSFT
1969,2022-03-14 12:40:00,281.48,281.5,281.3,281.5,385,7314,MSFT
1991,2022-03-14 12:41:00,281.5,281.5,281.24,281.4,427,7314,MSFT
1994,2022-03-14 12:42:00,281.43,281.5,281.4,281.5,290,7314,MSFT
2006,2022-03-14 12:43:00,281.37,281.5,281.37,281.5,1152,7314,MSFT
2021,2022-03-14 12:44:00,281.48,281.48,281.35,281.35,59,7314,MSFT
2031,2022-03-14 12:45:00,281.5,281.8,281.5,281.8,120,7314,MSFT
2037,2022-03-14 12:46:00,281.57,281.58,281.37,281.5,116,7314,MSFT
2042,2022-03-14 12:47:00,281.53,281.53,281.31,281.31,77,7314,MSFT
2050,2022-03-14 12:48:00,281.45,281.69,281.43,281.69,297,7314,MSFT
2058,2022-03-14 12:49:00,281.52,281.7,281.52,281.69,505,7314,MSFT
2064,2022-03-14 12:50:00,281.52,281.65,281.24,281.24,883,7314,MSFT
2074,2022-03-14 12:51:00,281.3,281.43,281.12,281.43,2557,7314,MSFT
2077,2022-03-14 12:52:00,281.2,281.38,281.16,281.3,266,7314,MSFT
2087,2022-03-14 12:53:00,281.28,281.45,281.28,281.45,469,7314,MSFT
2094,2022-03-14 12:54:00,281.5,282.25,281.5,281.9,1056,7314,MSFT
2098,2022-03-14 12:55:00,281.85,281.85,281.5,281.79,259,7314,MSFT
2110,2022-03-14 12:56:00,281.79,282.11,281.79,282.11,345,7314,MSFT
2125,2022-03-14 12:57:00,281.98,282.48,281.98,282.35,933,7314,MSFT
2128,2022-03-14 12:58:00,282.31,282.35,282.2,282.35,475,7314,MSFT
2148,2022-03-14 12:59:00,282.3,282.62,282.28,282.62,663,7314,MSFT
2164,2022-03-14 13:01:00,282.33,282.33,281.79,281.91,764,7314,MSFT
2168,2022-03-14 13:02:00,281.84,282.0,281.84,281.97,447,7314,MSFT
2190,2022-03-14 13:03:00,281.88,281.88,281.7,281.75,171,7314,MSFT
2201,2022-03-14 13:04:00,281.6,281.6,281.6,281.6,3,7314,MSFT
2208,2022-03-14 13:05:00,281.6,281.7,281.6,281.7,39,7314,MSFT
2216,2022-03-14 13:06:00,281.6,281.6,281.47,281.47,7,7314,MSFT
2231,2022-03-14 13:07:00,281.57,281.6,281.57,281.6,10,7314,MSFT
2232,2022-03-14 13:08:00,281.47,281.51,281.47,281.51,31,7314,MSFT
2239,2022-03-14 13:09:00,281.68,281.68,281.68,281.68,5,7314,MSFT
2256,2022-03-14 13:10:00,281.65,281.65,281.15,281.37,294,7314,MSFT
2260,2022-03-14 13:11:00,281.41,281.41,281.11,281.37,73,7314,MSFT
2276,2022-03-14 13:12:00,281.26,281.65,281.26,281.65,121,7314,MSFT
2292,2022-03-14 13:13:00,281.26,281.26,281.26,281.26,9,7314,MSFT
2301,2022-03-14 13:14:00,281.5,281.5,281.5,281.5,2,7314,MSFT
2305,2022-03-14 13:15:00,281.64,282.0,281.64,281.97,369,7314,MSFT
2328,2022-03-14 13:16:00,281.88,282.0,281.88,282.0,135,7314,MSFT
2337,2022-03-14 13:17:00,282.1,282.2,281.89,282.18,822,7314,MSFT
2352,2022-03-14 13:18:00,281.95,281.95,281.89,281.89,143,7314,MSFT
2355,2022-03-14 13:19:00,281.83,281.89,281.83,281.89,5,7314,MSFT
2371,2022-03-14 13:20:00,281.86,282.2,281.86,282.0,25,7314,MSFT
2377,2022-03-14 13:21:00,281.96,281.96,281.96,281.96,11,7314,MSFT
2391,2022-03-14 13:23:00,281.73,281.8,281.73,281.74,231,7314,MSFT
2399,2022-03-14 13:24:00,281.75,281.8,281.53,281.53,804,7314,MSFT
2420,2022-03-14 13:25:00,281.34,281.34,280.27,280.51,2320,7314,MSFT
2430,2022-03-14 13:26:00,280.52,281.2,280.51,281.2,2669,7314,MSFT
2443,2022-03-14 13:27:00,280.81,280.81,280.15,280.4,3403,7314,MSFT
2448,2022-03-14 13:28:00,280.22,281.3,280.13,280.17,3676,7314,MSFT
2465,2022-03-14 13:29:00,280.25,280.36,280.09,280.09,532,7314,MSFT
2501,2022-03-14 13:30:00,280.24,281.26,280.07,280.23,78525,7314,MSFT
2524,2022-03-14 13:31:00,280.21,281.81,280.01,281.81,38730,7314,MSFT
2555,2022-03-14 13:32:00,281.79,282.35,281.51,281.66,22296,7314,MSFT
2593,2022-03-14 13:33:00,281.62,281.64,280.94,281.22,28056,7314,MSFT
2606,2022-03-14 13:34:00,281.26,282.09,281.0,281.82,31379,7314,MSFT
2642,2022-03-14 13:35:00,281.85,282.63,281.57,281.61,52723,7314,MSFT
2690,2022-03-14 13:36:00,281.6,282.52,281.23,282.41,41944,7314,MSFT
2707,2022-03-14 13:37:00,282.44,282.85,282.2,282.41,39592,7314,MSFT
2725,2022-03-14 13:38:00,282.42,282.43,281.07,281.12,35895,7314,MSFT
2764,2022-03-14 13:39:00,281.04,282.0,281.04,281.86,32671,7314,MSFT
2787,2022-03-14 13:40:00,281.85,282.67,281.36,282.61,49975,7314,MSFT
2842,2022-03-14 13:41:00,282.68,282.87,282.52,282.68,32772,7314,MSFT
2856,2022-03-14 13:42:00,282.6,283.55,282.37,283.52,42804,7314,MSFT
2892,2022-03-14 13:43:00,283.58,284.53,283.58,284.49,49728,7314,MSFT
2923,2022-03-14 13:44:00,284.52,284.77,284.14,284.29,33638,7314,MSFT
2943,2022-03-14 13:45:00,284.27,284.33,283.38,283.39,42381,7314,MSFT
2967,2022-03-14 13:46:00,283.4,283.61,283.04,283.47,26185,7314,MSFT
3004,2022-03-14 13:47:00,283.44,283.45,282.47,282.73,41453,7314,MSFT
3038,2022-03-14 13:48:00,282.7,283.48,282.5,283.17,36310,7314,MSFT
3056,2022-03-14 13:49:00,283.26,283.41,282.73,283.12,19616,7314,MSFT
3103,2022-03-14 13:50:00,283.08,283.38,282.47,283.25,25325,7314,MSFT
3116,2022-03-14 13:51:00,283.27,283.47,282.93,283.02,17576,7314,MSFT
3145,2022-03-14 13:52:00,283.01,283.39,282.6,283.23,16845,7314,MSFT
3189,2022-03-14 13:53:00,283.19,283.29,283.0,283.12,20191,7314,MSFT
3216,2022-03-14 13:54:00,283.11,283.68,283.09,283.11,23089,7314,MSFT
3237,2022-03-14 13:55:00,283.09,283.62,282.94,283.59,39856,7314,MSFT
3277,2022-03-14 13:56:00,283.6,283.91,282.99,283.01,65068,7314,MSFT
3302,2022-03-14 13:57:00,282.94,283.09,282.59,282.71,27594,7314,MSFT
3348,2022-03-14 13:58:00,282.75,283.0,282.65,282.93,11405,7314,MSFT
3356,2022-03-14 13:59:00,282.97,283.48,282.9,283.05,30720,7314,MSFT
3393,2022-03-14 14:00:00,283.06,283.06,282.25,282.45,22123,7314,MSFT
3441,2022-03-14 14:01:00,282.4,282.88,282.0,282.79,37874,7314,MSFT
3468,2022-03-14 14:02:00,282.78,283.57,282.76,283.46,34504,7314,MSFT
3478,2022-03-14 14:03:00,283.48,283.49,282.94,283.26,15724,7314,MSFT
3515,2022-03-14 14:04:00,283.27,283.27,282.51,282.66,15678,7314,MSFT
3551,2022-03-14 14:05:00,282.66,282.94,282.5,282.77,16670,7314,MSFT
3566,2022-03-14 14:06:00,282.78,283.29,282.67,283.2,13975,7314,MSFT
3621,2022-03-14 14:07:00,283.17,283.85,283.17,283.8,13810,7314,MSFT
3629,2022-03-14 14:08:00,283.74,284.14,283.67,283.98,17005,7314,MSFT
3659,2022-03-14 14:09:00,284.01,284.2,283.84,284.2,13528,7314,MSFT
3706,2022-03-14 14:10:00,284.14,284.16,283.88,284.05,12956,7314,MSFT
3739,2022-03-14 14:11:00,284.06,284.87,284.03,284.75,28681,7314,MSFT
3762,2022-03-14 14:12:00,284.72,284.97,284.64,284.91,19912,7314,MSFT
3778,2022-03-14 14:13:00,284.9,285.22,284.89,285.2,34213,7314,MSFT
3824,2022-03-14 14:14:00,285.19,285.39,285.01,285.1,26171,7314,MSFT
3851,2022-03-14 14:15:00,285.11,285.12,284.82,284.97,24436,7314,MSFT
3866,2022-03-14 14:16:00,284.98,285.23,284.76,284.94,19748,7314,MSFT
3901,2022-03-14 14:17:00,284.94,285.055,284.53,284.85,36363,7314,MSFT
3930,2022-03-14 14:18:00,284.85,285.03,284.55,284.58,18754,7314,MSFT
3964,2022-03-14 14:19:00,284.57,284.8,284.43,284.43,12567,7314,MSFT
4000,2022-03-14 14:20:00,284.44,284.83,284.31,284.47,11512,7314,MSFT
4040,2022-03-14 14:21:00,284.44,284.73,284.4,284.49,10556,7314,MSFT
4065,2022-03-14 14:22:00,284.48,284.69,284.34,284.54,9608,7314,MSFT
4086,2022-03-14 14:23:00,284.54,284.74,284.44,284.53,9214,7314,MSFT
4109,2022-03-14 14:24:00,284.52,284.81,284.52,284.66,14916,7314,MSFT
4142,2022-03-14 14:25:00,284.81,285.09,284.8,284.95,15989,7314,MSFT
4186,2022-03-14 14:26:00,284.93,284.93,284.52,284.65,11710,7314,MSFT
4221,2022-03-14 14:27:00,284.58,284.61,284.22,284.35,8723,7314,MSFT
4242,2022-03-14 14:28:00,284.34,284.6,284.27,284.54,11971,7314,MSFT
4266,2022-03-14 14:29:00,284.53,284.66,284.27,284.31,11005,7314,MSFT
4286,2022-03-14 14:30:00,284.34,284.37,283.87,283.87,13391,7314,MSFT
4334,2022-03-14 14:31:00,283.87,283.89,283.7,283.71,8185,7314,MSFT
4370,2022-03-14 14:32:00,283.73,283.88,283.275,283.36,16241,7314,MSFT
4401,2022-03-14 14:33:00,283.33,283.61,283.3,283.46,9249,7314,MSFT
4416,2022-03-14 14:34:00,283.48,283.74,283.48,283.68,11361,7314,MSFT
4463,2022-03-14 14:35:00,283.68,283.81,283.54,283.59,9655,7314,MSFT
4490,2022-03-14 14:36:00,283.62,283.87,283.55,283.65,8062,7314,MSFT
4521,2022-03-14 14:37:00,283.61,284.31,283.55,284.21,9984,7314,MSFT
4535,2022-03-14 14:38:00,284.24,284.63,284.1,284.1,13660,7314,MSFT
4573,2022-03-14 14:39:00,284.08,284.22,283.99,284.21,8588,7314,MSFT
4599,2022-03-14 14:40:00,284.22,284.6,284.05,284.13,11151,7314,MSFT
4635,2022-03-14 14:41:00,284.08,284.12,283.86,284.0,10404,7314,MSFT
4671,2022-03-14 14:42:00,284.04,284.25,283.99,284.09,9599,7314,MSFT
4692,2022-03-14 14:43:00,284.02,284.25,283.92,284.17,6034,7314,MSFT
4725,2022-03-14 14:44:00,284.21,284.21,283.82,283.85,5933,7314,MSFT
4738,2022-03-14 14:45:00,283.82,284.04,283.72,283.9,7092,7314,MSFT
4767,2022-03-14 14:46:00,283.92,284.07,283.89,283.97,12829,7314,MSFT
4809,2022-03-14 14:47:00,283.96,284.31,283.75,284.25,11104,7314,MSFT
4828,2022-03-14 14:48:00,284.3,284.4,283.99,284.07,14074,7314,MSFT
4870,2022-03-14 14:49:00,284.13,284.29,283.98,284.01,7144,7314,MSFT
4892,2022-03-14 14:50:00,284.0,284.11,283.8,283.92,6280,7314,MSFT
4936,2022-03-14 14:51:00,283.91,284.42,283.91,284.35,6244,7314,MSFT
4966,2022-03-14 14:52:00,284.33,284.91,284.21,284.74,17029,7314,MSFT
5000,2022-03-14 14:53:00,284.7,284.99,284.67,284.74,14274,7314,MSFT
5023,2022-03-14 14:54:00,284.81,284.93,284.65,284.68,6895,7314,MSFT
5040,2022-03-14 14:55:00,284.7,284.75,284.5,284.64,10194,7314,MSFT
5073,2022-03-14 14:56:00,284.65,284.96,284.37,284.43,24984,7314,MSFT
5104,2022-03-14 14:57:00,284.41,284.49,284.08,284.25,13700,7314,MSFT
5134,2022-03-14 14:58:00,284.28,284.39,284.01,284.3,6161,7314,MSFT
5178,2022-03-14 14:59:00,284.3,284.44,284.19,284.42,10504,7314,MSFT
5195,2022-03-14 15:00:00,284.43,284.56,284.0,284.1,18416,7314,MSFT
5238,2022-03-14 15:01:00,284.1,284.12,283.94,284.05,9370,7314,MSFT
5266,2022-03-14 15:02:00,284.07,284.07,283.71,284.01,8725,7314,MSFT
5288,2022-03-14 15:03:00,284.02,284.37,283.99,284.09,10633,7314,MSFT
5331,2022-03-14 15:04:00,284.12,284.4,284.05,284.26,7533,7314,MSFT
5341,2022-03-14 15:05:00,284.3,284.46,284.07,284.28,8153,7314,MSFT
5390,2022-03-14 15:06:00,284.34,284.4,284.07,284.17,26238,7314,MSFT
5405,2022-03-14 15:07:00,284.18,284.45,284.17,284.4,8615,7314,MSFT
5432,2022-03-14 15:08:00,284.4,284.45,284.12,284.27,7479,7314,MSFT
5474,2022-03-14 15:09:00,284.28,284.39,283.91,284.01,6985,7314,MSFT
5488,2022-03-14 15:10:00,284.04,284.08,283.7,283.82,7356,7314,MSFT
5534,2022-03-14 15:11:00,283.79,283.8,283.52,283.7,4794,7314,MSFT
5558,2022-03-14 15:12:00,283.69,283.69,283.34,283.43,10541,7314,MSFT
5584,2022-03-14 15:13:00,283.4,283.4,282.92,283.03,33424,7314,MSFT
5629,2022-03-14 15:14:00,283.02,283.02,282.79,282.87,7261,7314,MSFT
5635,2022-03-14 15:15:00,282.9,283.0,282.81,282.89,6802,7314,MSFT
5674,2022-03-14 15:16:00,282.91,283.03,282.84,282.97,4478,7314,MSFT
5695,2022-03-14 15:17:00,282.93,283.19,282.88,283.19,8590,7314,MSFT
5727,2022-03-14 15:18:00,283.21,283.21,282.98,283.06,8182,7314,MSFT
5776,2022-03-14 15:19:00,283.03,283.37,283.0,283.37,11732,7314,MSFT
5785,2022-03-14 15:20:00,283.38,283.38,282.6,282.67,10502,7314,MSFT
5827,2022-03-14 15:21:00,282.66,282.66,282.27,282.3,22554,7314,MSFT
5850,2022-03-14 15:22:00,282.34,282.46,282.23,282.31,7010,7314,MSFT
5874,2022-03-14 15:23:00,282.36,282.65,282.29,282.54,13943,7314,MSFT
5913,2022-03-14 15:24:00,282.54,282.54,282.37,282.37,10020,7314,MSFT
5957,2022-03-14 15:25:00,282.4,282.51,282.28,282.41,10650,7314,MSFT
5985,2022-03-14 15:26:00,282.41,282.47,282.14,282.2,11329,7314,MSFT
6016,2022-03-14 15:27:00,282.19,282.21,282.04,282.04,10843,7314,MSFT
6025,2022-03-14 15:28:00,282.02,282.25,281.99,282.03,16928,7314,MSFT
6061,2022-03-14 15:29:00,282.04,282.05,281.7,281.92,11080,7314,MSFT
6089,2022-03-14 15:30:00,281.93,282.0,281.79,281.88,9094,7314,MSFT
6122,2022-03-14 15:31:00,281.88,281.95,281.73,281.83,7172,7314,MSFT
6153,2022-03-14 15:32:00,281.83,282.14,281.7,282.03,7444,7314,MSFT
6188,2022-03-14 15:33:00,282.01,282.01,281.85,281.95,9154,7314,MSFT
6225,2022-03-14 15:34:00,281.95,282.18,281.92,282.18,11883,7314,MSFT
6259,2022-03-14 15:35:00,282.18,282.27,282.09,282.23,12992,7314,MSFT
6273,2022-03-14 15:36:00,282.23,282.23,281.84,282.12,14668,7314,MSFT
6319,2022-03-14 15:37:00,282.14,282.14,281.69,281.76,13096,7314,MSFT
6344,2022-03-14 15:38:00,281.76,282.06,281.71,281.92,9833,7314,MSFT
6366,2022-03-14 15:39:00,281.92,282.42,281.92,282.3,15608,7314,MSFT
6401,2022-03-14 15:40:00,282.29,282.38,282.2,282.28,14361,7314,MSFT
6416,2022-03-14 15:41:00,282.26,282.37,282.2,282.36,8047,7314,MSFT
6451,2022-03-14 15:42:00,282.35,282.46,282.24,282.37,11017,7314,MSFT
6480,2022-03-14 15:43:00,282.37,282.37,281.78,282.06,34567,7314,MSFT
6527,2022-03-14 15:44:00,282.04,282.29,281.86,282.29,17112,7314,MSFT
6558,2022-03-14 15:45:00,282.28,282.3,281.97,282.01,14660,7314,MSFT
6585,2022-03-14 15:46:00,281.99,282.26,281.89,282.14,9305,7314,MSFT
6613,2022-03-14 15:47:00,282.1,282.35,282.06,282.14,13984,7314,MSFT
6632,2022-03-14 15:48:00,282.16,282.16,281.76,281.82,15076,7314,MSFT
6672,2022-03-14 15:49:00,281.83,282.01,281.77,281.87,7823,7314,MSFT
6686,2022-03-14 15:50:00,281.88,282.17,281.8,282.14,9776,7314,MSFT
6713,2022-03-14 15:51:00,282.11,282.37,282.04,282.36,12199,7314,MSFT
6751,2022-03-14 15:52:00,282.36,282.36,281.94,282.18,24526,7314,MSFT
6796,2022-03-14 15:53:00,282.12,282.43,282.03,282.35,13450,7314,MSFT
6821,2022-03-14 15:54:00,282.33,282.52,282.33,282.37,10799,7314,MSFT
6835,2022-03-14 15:55:00,282.36,282.39,281.94,281.97,8190,7314,MSFT
6885,2022-03-14 15:56:00,281.97,282.23,281.92,281.92,11000,7314,MSFT
6913,2022-03-14 15:57:00,281.91,282.04,281.83,281.99,8279,7314,MSFT
6941,2022-03-14 15:58:00,281.98,282.17,281.95,281.96,7790,7314,MSFT
6965,2022-03-14 15:59:00,281.96,282.17,281.93,282.1,7116,7314,MSFT
6985,2022-03-14 16:00:00,282.07,282.07,281.76,281.84,17065,7314,MSFT
7033,2022-03-14 16:01:00,281.87,282.0,281.84,281.88,6430,7314,MSFT
7067,2022-03-14 16:02:00,281.87,281.99,281.68,281.69,11121,7314,MSFT
7088,2022-03-14 16:03:00,281.68,281.73,281.37,281.39,14328,7314,MSFT
7120,2022-03-14 16:04:00,281.37,281.54,281.16,281.19,14606,7314,MSFT
7150,2022-03-14 16:05:00,281.22,281.43,281.03,281.04,14719,7314,MSFT
7179,2022-03-14 16:06:00,281.04,281.39,281.02,281.12,9578,7314,MSFT
7197,2022-03-14 16:07:00,281.12,281.37,281.11,281.15,8778,7314,MSFT
7224,2022-03-14 16:08:00,281.15,281.19,280.99,281.04,12382,7314,MSFT
7255,2022-03-14 16:09:00,281.02,281.07,280.61,280.63,17697,7314,MSFT
7301,2022-03-14 16:10:00,280.62,280.71,280.52,280.53,9955,7314,MSFT
7315,2022-03-14 16:11:00,280.56,280.57,280.44,280.55,24866,7314,MSFT
7361,2022-03-14 16:12:00,280.53,280.6,280.07,280.36,21472,7314,MSFT
7400,2022-03-14 16:13:00,280.39,280.59,280.32,280.35,12595,7314,MSFT
7409,2022-03-14 16:14:00,280.35,280.53,280.2,280.49,11496,7314,MSFT
7456,2022-03-14 16:15:00,280.43,280.58,280.31,280.43,15806,7314,MSFT
7468,2022-03-14 16:16:00,280.43,280.54,280.15,280.28,19101,7314,MSFT
7509,2022-03-14 16:17:00,280.31,280.49,280.24,280.46,13066,7314,MSFT
7526,2022-03-14 16:18:00,280.43,280.53,280.36,280.48,10580,7314,MSFT
7555,2022-03-14 16:19:00,280.46,280.69,280.4,280.66,12455,7314,MSFT
7587,2022-03-14 16:20:00,280.65,280.65,280.28,280.38,14361,7314,MSFT
7637,2022-03-14 16:21:00,280.38,280.52,280.25,280.46,12713,7314,MSFT
7645,2022-03-14 16:22:00,280.46,280.73,280.45,280.51,10049,7314,MSFT
7683,2022-03-14 16:23:00,280.51,280.51,280.34,280.38,4936,7314,MSFT
7723,2022-03-14 16:24:00,280.36,280.54,280.29,280.37,6633,7314,MSFT
7745,2022-03-14 16:25:00,280.35,280.47,280.19,280.45,10643,7314,MSFT
7775,2022-03-14 16:26:00,280.45,280.47,280.22,280.25,6887,7314,MSFT
7808,2022-03-14 16:27:00,280.25,280.45,280.22,280.39,10110,7314,MSFT
7843,2022-03-14 16:28:00,280.4,280.44,280.15,280.27,7202,7314,MSFT
7869,2022-03-14 16:29:00,280.28,280.35,280.16,280.23,7200,7314,MSFT
7884,2022-03-14 16:30:00,280.23,280.42,280.09,280.33,18399,7314,MSFT
7917,2022-03-14 16:31:00,280.36,280.36,280.22,280.26,9946,7314,MSFT
7944,2022-03-14 16:32:00,280.28,280.37,280.14,280.26,8584,7314,MSFT
7999,2022-03-14 16:33:00,280.26,280.34,279.87,279.87,28862,7314,MSFT
8019,2022-03-14 16:34:00,279.86,280.15,279.73,279.91,11169,7314,MSFT
8045,2022-03-14 16:35:00,279.92,280.04,279.65,279.96,14213,7314,MSFT
8082,2022-03-14 16:36:00,280.02,280.24,279.9,280.06,11054,7314,MSFT
8109,2022-03-14 16:37:00,280.04,280.2,279.95,279.95,16292,7314,MSFT
8136,2022-03-14 16:38:00,279.96,280.17,279.86,279.99,9893,7314,MSFT
8159,2022-03-14 16:39:00,279.97,280.09,279.93,279.99,4672,7314,MSFT
8184,2022-03-14 16:40:00,280.0,280.24,279.93,280.21,6694,7314,MSFT
8225,2022-03-14 16:41:00,280.21,280.24,280.1,280.22,5828,7314,MSFT
8242,2022-03-14 16:42:00,280.29,280.49,280.26,280.46,14422,7314,MSFT
8285,2022-03-14 16:43:00,280.47,280.47,280.39,280.41,9681,7314,MSFT
8313,2022-03-14 16:44:00,280.44,280.54,279.85,280.01,18342,7314,MSFT
8356,2022-03-14 16:45:00,280.0,280.08,279.93,279.97,7590,7314,MSFT
8375,2022-03-14 16:46:00,279.94,280.14,279.89,279.9,6294,7314,MSFT
8402,2022-03-14 16:47:00,279.88,279.88,279.37,279.37,12983,7314,MSFT
8440,2022-03-14 16:48:00,279.41,279.56,279.26,279.28,11060,7314,MSFT
8478,2022-03-14 16:49:00,279.31,279.51,279.31,279.39,10456,7314,MSFT
8494,2022-03-14 16:50:00,279.39,279.69,279.28,279.32,8370,7314,MSFT
8537,2022-03-14 16:51:00,279.32,279.6,279.32,279.52,6043,7314,MSFT
8553,2022-03-14 16:52:00,279.48,279.48,279.05,279.14,10469,7314,MSFT
8598,2022-03-14 16:53:00,279.15,279.18,278.68,278.72,16345,7314,MSFT
8614,2022-03-14 16:54:00,278.74,278.93,278.74,278.81,5728,7314,MSFT
8643,2022-03-14 16:55:00,278.81,279.15,278.81,279.11,9545,7314,MSFT
8687,2022-03-14 16:56:00,279.12,279.32,279.12,279.26,10571,7314,MSFT
8703,2022-03-14 16:57:00,279.26,279.48,279.19,279.41,7561,7314,MSFT
8725,2022-03-14 16:58:00,279.41,279.45,279.34,279.44,5795,7314,MSFT
8753,2022-03-14 16:59:00,279.44,279.44,279.05,279.09,8662,7314,MSFT
8789,2022-03-14 17:00:00,279.09,279.22,279.03,279.03,11165,7314,MSFT
8816,2022-03-14 17:01:00,279.04,279.06,278.92,278.95,10370,7314,MSFT
8864,2022-03-14 17:02:00,278.95,278.96,278.69,278.86,29047,7314,MSFT
8871,2022-03-14 17:03:00,278.83,278.92,278.62,278.62,8941,7314,MSFT
8923,2022-03-14 17:04:00,278.62,278.81,278.54,278.54,8836,7314,MSFT
8932,2022-03-14 17:05:00,278.56,278.87,278.52,278.68,8924,7314,MSFT
8978,2022-03-14 17:06:00,278.7,279.11,278.55,279.075,7543,7314,MSFT
9016,2022-03-14 17:07:00,279.065,279.26,279.04,279.07,8924,7314,MSFT
9040,2022-03-14 17:08:00,279.04,279.04,278.7,278.7,5509,7314,MSFT
9074,2022-03-14 17:09:00,278.65,278.75,278.46,278.49,12580,7314,MSFT
9093,2022-03-14 17:10:00,278.53,278.86,278.53,278.65,6021,7314,MSFT
9119,2022-03-14 17:11:00,278.62,278.94,278.62,278.83,15659,7314,MSFT
9142,2022-03-14 17:12:00,278.78,279.01,278.76,278.9,7225,7314,MSFT
9193,2022-03-14 17:13:00,278.905,278.98,278.85,278.86,5976,7314,MSFT
9224,2022-03-14 17:14:00,278.86,279.02,278.78,278.91,7810,7314,MSFT
9255,2022-03-14 17:15:00,278.89,278.9,278.72,278.89,8434,7314,MSFT
9272,2022-03-14 17:16:00,278.88,279.0,278.86,278.95,10489,7314,MSFT
9313,2022-03-14 17:17:00,278.95,278.96,278.815,278.92,9254,7314,MSFT
9324,2022-03-14 17:18:00,278.93,278.98,278.83,278.84,8906,7314,MSFT
9352,2022-03-14 17:19:00,278.81,278.96,278.81,278.82,11493,7314,MSFT
9398,2022-03-14 17:20:00,278.81,278.87,278.66,278.71,17105,7314,MSFT
9428,2022-03-14 17:21:00,278.71,278.78,278.58,278.6,8199,7314,MSFT
9444,2022-03-14 17:22:00,278.6,278.61,278.41,278.42,19258,7314,MSFT
9475,2022-03-14 17:23:00,278.4,278.42,278.25,278.29,27360,7314,MSFT
9503,2022-03-14 17:24:00,278.29,278.67,278.29,278.65,12947,7314,MSFT
9544,2022-03-14 17:25:00,278.67,278.74,278.55,278.69,6222,7314,MSFT
9567,2022-03-14 17:26:00,278.68,278.68,278.43,278.45,7020,7314,MSFT
9595,2022-03-14 17:27:00,278.43,278.54,278.43,278.49,5662,7314,MSFT
9627,2022-03-14 17:28:00,278.48,278.49,278.37,278.49,7530,7314,MSFT
9658,2022-03-14 17:29:00,278.49,278.49,278.37,278.44,7820,7314,MSFT
9690,2022-03-14 17:30:00,278.45,278.73,278.43,278.71,11170,7314,MSFT
9730,2022-03-14 17:31:00,278.69,278.73,278.55,278.6,7862,7314,MSFT
9763,2022-03-14 17:32:00,278.6,278.63,278.37,278.38,11690,7314,MSFT
9775,2022-03-14 17:33:00,278.39,278.46,278.29,278.34,12367,7314,MSFT
9800,2022-03-14 17:34:00,278.33,278.72,278.04,278.585,53939,7314,MSFT
9842,2022-03-14 17:35:00,278.56,278.59,278.3,278.37,10638,7314,MSFT
9861,2022-03-14 17:36:00,278.39,278.49,278.07,278.1,8951,7314,MSFT
9890,2022-03-14 17:37:00,278.11,278.26,278.09,278.16,7783,7314,MSFT
9921,2022-03-14 17:38:00,278.15,278.3,278.12,278.16,9636,7314,MSFT
9952,2022-03-14 17:39:00,278.18,278.3,278.11,278.28,5681,7314,MSFT
10004,2022-03-14 17:40:00,278.27,278.41,278.18,278.18,10086,7314,MSFT
10020,2022-03-14 17:41:00,278.2,278.46,278.2,278.4,6932,7314,MSFT
10055,2022-03-14 17:42:00,278.37,278.39,278.2,278.32,6910,7314,MSFT
10085,2022-03-14 17:43:00,278.33,278.6,278.25,278.52,12959,7314,MSFT
10116,2022-03-14 17:44:00,278.52,278.55,278.38,278.43,9792,7314,MSFT
10132,2022-03-14 17:45:00,278.42,278.78,278.36,278.67,13290,7314,MSFT
10184,2022-03-14 17:46:00,278.66,278.67,278.48,278.5,8450,7314,MSFT
10212,2022-03-14 17:47:00,278.49,278.52,278.3,278.42,13744,7314,MSFT
10245,2022-03-14 17:48:00,278.44,278.53,278.37,278.41,9029,7314,MSFT
10258,2022-03-14 17:49:00,278.42,278.5,278.27,278.46,9788,7314,MSFT
10282,2022-03-14 17:50:00,278.47,278.92,278.45,278.77,15164,7314,MSFT
10321,2022-03-14 17:51:00,278.76,278.93,278.74,278.84,14553,7314,MSFT
10358,2022-03-14 17:52:00,278.85,279.41,278.82,279.32,16514,7314,MSFT
10394,2022-03-14 17:53:00,279.33,279.66,279.24,279.53,17189,7314,MSFT
10420,2022-03-14 17:54:00,279.51,279.67,279.35,279.37,15546,7314,MSFT
10443,2022-03-14 17:55:00,279.35,279.57,279.31,279.47,8650,7314,MSFT
10484,2022-03-14 17:56:00,279.45,279.62,279.29,279.29,7737,7314,MSFT
10507,2022-03-14 17:57:00,279.3,279.3,279.14,279.21,5515,7314,MSFT
10545,2022-03-14 17:58:00,279.15,279.17,278.91,279.02,12426,7314,MSFT
10569,2022-03-14 17:59:00,278.97,278.99,278.74,278.88,6642,7314,MSFT
10598,2022-03-14 18:00:00,278.83,278.94,278.73,278.78,7679,7314,MSFT
10613,2022-03-14 18:01:00,278.75,278.93,278.65,278.84,9621,7314,MSFT
10640,2022-03-14 18:02:00,278.84,278.87,278.57,278.61,7718,7314,MSFT
10683,2022-03-14 18:03:00,278.64,278.84,278.63,278.67,3146,7314,MSFT
10712,2022-03-14 18:04:00,278.69,278.87,278.5,278.71,7785,7314,MSFT
10740,2022-03-14 18:05:00,278.75,278.98,278.73,278.98,7050,7314,MSFT
10770,2022-03-14 18:06:00,279.0,279.16,278.78,278.87,8735,7314,MSFT
10807,2022-03-14 18:07:00,278.85,278.99,278.83,278.94,5689,7314,MSFT
10822,2022-03-14 18:08:00,278.93,279.14,278.86,279.08,9610,7314,MSFT
10864,2022-03-14 18:09:00,279.07,279.17,278.87,278.9,14361,7314,MSFT
10894,2022-03-14 18:10:00,278.89,279.04,278.71,278.8,15913,7314,MSFT
10911,2022-03-14 18:11:00,278.81,278.88,278.75,278.77,8178,7314,MSFT
10955,2022-03-14 18:12:00,278.76,278.84,278.63,278.64,9615,7314,MSFT
10972,2022-03-14 18:13:00,278.61,278.63,278.35,278.49,16488,7314,MSFT
11008,2022-03-14 18:14:00,278.49,278.59,278.46,278.51,7880,7314,MSFT
11042,2022-03-14 18:15:00,278.52,278.53,278.14,278.15,12427,7314,MSFT
11084,2022-03-14 18:16:00,278.15,278.2,277.91,277.94,23339,7314,MSFT
11113,2022-03-14 18:17:00,277.93,278.13,277.91,278.1,13194,7314,MSFT
11122,2022-03-14 18:18:00,278.12,278.19,277.92,277.92,6539,7314,MSFT
11159,2022-03-14 18:19:00,277.94,277.98,277.83,277.91,10873,7314,MSFT
11206,2022-03-14 18:20:00,277.91,278.06,277.89,277.98,9570,7314,MSFT
11212,2022-03-14 18:21:00,277.97,278.08,277.81,277.82,7971,7314,MSFT
11253,2022-03-14 18:22:00,277.82,278.04,277.82,277.97,5437,7314,MSFT
11279,2022-03-14 18:23:00,277.93,277.96,277.63,277.71,11451,7314,MSFT
11305,2022-03-14 18:24:00,277.7,277.81,277.58,277.8,6376,7314,MSFT
11349,2022-03-14 18:25:00,277.8,277.85,277.62,277.76,5970,7314,MSFT
11385,2022-03-14 18:26:00,277.76,277.99,277.76,277.97,6761,7314,MSFT
11393,2022-03-14 18:27:00,277.97,278.03,277.87,277.94,6003,7314,MSFT
11445,2022-03-14 18:28:00,277.93,277.97,277.81,277.85,6968,7314,MSFT
11463,2022-03-14 18:29:00,277.87,277.87,277.71,277.76,9335,7314,MSFT
11487,2022-03-14 18:30:00,277.775,277.86,277.52,277.81,9485,7314,MSFT
11518,2022-03-14 18:31:00,277.8,278.08,277.73,277.98,12161,7314,MSFT
11554,2022-03-14 18:32:00,277.95,278.04,277.83,277.93,11975,7314,MSFT
11570,2022-03-14 18:33:00,277.93,278.04,277.88,277.99,6456,7314,MSFT
11615,2022-03-14 18:34:00,277.98,278.12,277.91,278.1,9930,7314,MSFT
11653,2022-03-14 18:35:00,278.11,278.35,278.09,278.11,8817,7314,MSFT
11666,2022-03-14 18:36:00,278.11,278.38,278.09,278.31,12992,7314,MSFT
11696,2022-03-14 18:37:00,278.28,278.59,278.14,278.54,8824,7314,MSFT
11742,2022-03-14 18:38:00,278.57,278.64,278.45,278.47,18622,7314,MSFT
11752,2022-03-14 18:39:00,278.48,278.49,278.33,278.35,6345,7314,MSFT
11803,2022-03-14 18:40:00,278.365,278.43,278.04,278.2,9426,7314,MSFT
11818,2022-03-14 18:41:00,278.2,278.2,278.07,278.16,7829,7314,MSFT
11864,2022-03-14 18:42:00,278.15,278.35,278.09,278.32,9261,7314,MSFT
11872,2022-03-14 18:43:00,278.3,278.4,278.11,278.18,6660,7314,MSFT
11907,2022-03-14 18:44:00,278.16,278.19,278.05,278.15,5827,7314,MSFT
11946,2022-03-14 18:45:00,278.15,278.22,277.88,277.95,5514,7314,MSFT
11966,2022-03-14 18:46:00,277.97,278.06,277.92,277.94,8114,7314,MSFT
11989,2022-03-14 18:47:00,277.94,277.99,277.86,277.98,3141,7314,MSFT
12021,2022-03-14 18:48:00,277.97,278.0,277.81,277.84,11239,7314,MSFT
12071,2022-03-14 18:49:00,277.83,277.93,277.8,277.87,4743,7314,MSFT
12083,2022-03-14 18:50:00,277.88,278.06,277.73,278.06,8788,7314,MSFT
12125,2022-03-14 18:51:00,278.07,278.37,278.06,278.14,8513,7314,MSFT
12152,2022-03-14 18:52:00,278.16,278.28,278.09,278.13,5301,7314,MSFT
12180,2022-03-14 18:53:00,278.12,278.37,278.1,278.33,9333,7314,MSFT
12203,2022-03-14 18:54:00,278.35,278.55,278.35,278.5,10082,7314,MSFT
12251,2022-03-14 18:55:00,278.5,278.77,278.5,278.61,11151,7314,MSFT
12259,2022-03-14 18:56:00,278.6,278.71,278.35,278.36,7291,7314,MSFT
12288,2022-03-14 18:57:00,278.37,278.53,278.3,278.32,12120,7314,MSFT
12326,2022-03-14 18:58:00,278.31,278.38,278.21,278.28,6227,7314,MSFT
12346,2022-03-14 18:59:00,278.25,278.51,278.24,278.51,8186,7314,MSFT
12379,2022-03-14 19:00:00,278.51,278.52,278.31,278.38,16126,7314,MSFT
12407,2022-03-14 19:01:00,278.43,278.87,278.43,278.8,11093,7314,MSFT
12457,2022-03-14 19:02:00,278.78,279.24,278.78,279.14,13705,7314,MSFT
12477,2022-03-14 19:03:00,279.11,279.11,278.94,278.96,22425,7314,MSFT
12496,2022-03-14 19:04:00,278.97,279.18,278.81,278.82,14525,7314,MSFT
12550,2022-03-14 19:05:00,278.82,278.83,278.41,278.67,23444,7314,MSFT
12570,2022-03-14 19:06:00,278.63,278.69,278.49,278.61,8280,7314,MSFT
12590,2022-03-14 19:07:00,278.62,278.66,278.22,278.27,7840,7314,MSFT
12624,2022-03-14 19:08:00,278.27,278.27,277.99,278.08,9482,7314,MSFT
12652,2022-03-14 19:09:00,278.06,278.16,278.01,278.08,7197,7314,MSFT
12680,2022-03-14 19:10:00,278.06,278.22,277.95,278.14,13874,7314,MSFT
12733,2022-03-14 19:11:00,278.17,278.43,278.05,278.37,8456,7314,MSFT
12748,2022-03-14 19:12:00,278.36,278.41,278.12,278.22,12720,7314,MSFT
12789,2022-03-14 19:13:00,278.21,278.36,278.14,278.19,9765,7314,MSFT
12808,2022-03-14 19:14:00,278.17,278.35,278.11,278.26,10918,7314,MSFT
12836,2022-03-14 19:15:00,278.25,278.41,278.01,278.04,14059,7314,MSFT
12858,2022-03-14 19:16:00,278.05,278.42,277.95,278.3,17835,7314,MSFT
12911,2022-03-14 19:17:00,278.32,278.66,278.32,278.4,16322,7314,MSFT
12926,2022-03-14 19:18:00,278.415,278.415,277.9,278.13,16639,7314,MSFT
12952,2022-03-14 19:19:00,278.14,278.21,278.0,278.13,11566,7314,MSFT
12990,2022-03-14 19:20:00,278.11,278.16,277.99,278.12,10771,7314,MSFT
13010,2022-03-14 19:21:00,278.13,278.35,278.13,278.26,14198,7314,MSFT
13039,2022-03-14 19:22:00,278.25,278.36,278.17,278.17,9943,7314,MSFT
13067,2022-03-14 19:23:00,278.17,278.5,278.17,278.36,11764,7314,MSFT
13104,2022-03-14 19:24:00,278.38,278.54,278.25,278.37,18688,7314,MSFT
13130,2022-03-14 19:25:00,278.31,278.34,278.14,278.3,10437,7314,MSFT
13173,2022-03-14 19:26:00,278.31,278.33,278.09,278.155,13110,7314,MSFT
13190,2022-03-14 19:27:00,278.16,278.28,278.01,278.12,9632,7314,MSFT
13228,2022-03-14 19:28:00,278.12,278.2,277.9,278.18,8048,7314,MSFT
13248,2022-03-14 19:29:00,278.19,278.21,277.9,277.96,10064,7314,MSFT
13288,2022-03-14 19:30:00,277.95,277.96,277.7,277.73,13775,7314,MSFT
13307,2022-03-14 19:31:00,277.72,277.72,277.31,277.35,18660,7314,MSFT
13360,2022-03-14 19:32:00,277.35,277.37,277.15,277.2,14884,7314,MSFT
13383,2022-03-14 19:33:00,277.22,277.22,277.01,277.04,19617,7314,MSFT
13413,2022-03-14 19:34:00,277.02,277.14,276.84,277.12,22052,7314,MSFT
13430,2022-03-14 19:35:00,277.14,277.19,276.92,276.97,20854,7314,MSFT
13459,2022-03-14 19:36:00,276.97,277.04,276.68,276.73,12923,7314,MSFT
13512,2022-03-14 19:37:00,276.73,276.87,276.7,276.77,11506,7314,MSFT
13519,2022-03-14 19:38:00,276.76,276.77,276.58,276.69,16021,7314,MSFT
13552,2022-03-14 19:39:00,276.69,277.27,276.67,277.12,15282,7314,MSFT
13592,2022-03-14 19:40:00,277.11,277.46,277.0,277.29,20254,7314,MSFT
13625,2022-03-14 19:41:00,277.28,277.28,276.95,277.08,20293,7314,MSFT
13653,2022-03-14 19:42:00,277.09,277.28,276.93,277.27,21895,7314,MSFT
13680,2022-03-14 19:43:00,277.27,277.39,277.005,277.03,13024,7314,MSFT
13719,2022-03-14 19:44:00,277.04,277.63,277.04,277.62,19484,7314,MSFT
13734,2022-03-14 19:45:00,277.63,277.88,277.46,277.47,15323,7314,MSFT
13774,2022-03-14 19:46:00,277.48,277.67,277.15,277.18,19607,7314,MSFT
13804,2022-03-14 19:47:00,277.2,277.75,277.18,277.71,21793,7314,MSFT
13818,2022-03-14 19:48:00,277.72,278.085,277.46,277.5,31587,7314,MSFT
13855,2022-03-14 19:49:00,277.52,277.73,276.97,277.04,38654,7314,MSFT
13880,2022-03-14 19:50:00,277.07,277.17,276.26,276.33,59498,7314,MSFT
13931,2022-03-14 19:51:00,276.35,276.38,276.15,276.32,19341,7314,MSFT
13938,2022-03-14 19:52:00,276.3,276.72,276.16,276.28,33526,7314,MSFT
13991,2022-03-14 19:53:00,276.3,276.32,276.05,276.11,22469,7314,MSFT
14020,2022-03-14 19:54:00,276.13,276.23,275.82,276.02,55056,7314,MSFT
14051,2022-03-14 19:55:00,276.03,276.53,275.95,276.31,48576,7314,MSFT
14069,2022-03-14 19:56:00,276.3,276.8,276.29,276.79,39604,7314,MSFT
14087,2022-03-14 19:57:00,276.79,276.8,276.55,276.64,41236,7314,MSFT
14122,2022-03-14 19:58:00,276.64,276.85,276.34,276.41,121884,7314,MSFT
14170,2022-03-14 19:59:00,276.41,276.48,276.17,276.47,359635,7314,MSFT
14184,2022-03-14 20:00:00,276.39,276.82,276.06,276.71,10785,7314,MSFT
14195,2022-03-14 20:01:00,276.78,277.08,276.71,276.9,2416,7314,MSFT
14198,2022-03-14 20:02:00,276.81,276.88,276.69,276.88,312,7314,MSFT
14209,2022-03-14 20:03:00,276.85,276.85,276.72,276.74,476,7314,MSFT
14220,2022-03-14 20:05:00,276.78,276.95,276.78,276.95,1807,7314,MSFT
14238,2022-03-14 20:08:00,276.9,277.24,276.9,277.24,1112,7314,MSFT
14248,2022-03-14 20:09:00,277.1,277.18,277.08,277.18,80,7314,MSFT
14257,2022-03-14 20:10:00,277.21,277.46,277.1,277.4,640,7314,MSFT
14261,2022-03-14 20:11:00,277.4,277.4,277.19,277.3,921,7314,MSFT
14271,2022-03-14 20:12:00,277.23,277.23,277.2,277.2,20,7314,MSFT
14273,2022-03-14 20:13:00,277.1,277.1,277.1,277.1,2,7314,MSFT
14278,2022-03-14 20:14:00,277.18,277.18,276.99,276.99,5,7314,MSFT
14286,2022-03-14 20:15:00,276.85,276.85,276.85,276.85,3,7314,MSFT
14294,2022-03-14 20:16:00,277.0,277.02,276.99,277.02,132,7314,MSFT
14302,2022-03-14 20:17:00,276.88,276.88,276.57,276.57,418,7314,MSFT
14305,2022-03-14 20:18:00,276.6,276.6,276.6,276.6,5,7314,MSFT
14309,2022-03-14 20:19:00,276.8,276.8,276.8,276.8,102,7314,MSFT
14331,2022-03-14 20:23:00,276.94,276.94,276.84,276.84,40,7314,MSFT
14335,2022-03-14 20:24:00,276.87,276.99,276.87,276.95,1206,7314,MSFT
14338,2022-03-14 20:25:00,276.93,276.95,276.93,276.95,49,7314,MSFT
14343,2022-03-14 20:26:00,276.9,276.9,276.9,276.9,20,7314,MSFT
14350,2022-03-14 20:27:00,276.9,276.9,276.9,276.9,200,7314,MSFT
14354,2022-03-14 20:28:00,276.97,277.1,276.95,277.1,2523,7314,MSFT
14358,2022-03-14 20:29:00,277.05,277.1,277.05,277.05,860,7314,MSFT
14363,2022-03-14 20:30:00,277.0,277.0,277.0,277.0,2,7314,MSFT
14369,2022-03-14 20:31:00,276.96,276.96,276.96,276.96,5,7314,MSFT
14375,2022-03-14 20:32:00,277.0,277.0,277.0,277.0,2,7314,MSFT
14382,2022-03-14 20:33:00,277.0,277.08,277.0,277.08,211,7314,MSFT
14385,2022-03-14 20:34:00,277.01,277.01,277.01,277.01,15,7314,MSFT
14389,2022-03-14 20:35:00,276.95,277.0,276.9,276.95,51,7314,MSFT
14397,2022-03-14 20:37:00,276.98,276.98,276.98,276.98,3,7314,MSFT
14399,2022-03-14 20:38:00,277.0,277.0,276.9,276.9,17,7314,MSFT
14411,2022-03-14 20:40:00,276.95,276.95,276.91,276.91,4,7314,MSFT
14413,2022-03-14 20:41:00,277.0,277.0,277.0,277.0,109,7314,MSFT
14422,2022-03-14 20:42:00,277.03,277.18,277.03,277.18,422,7314,MSFT
14429,2022-03-14 20:45:00,277.15,277.15,277.15,277.15,8,7314,MSFT
14436,2022-03-14 20:47:00,277.09,277.09,277.09,277.09,6,7314,MSFT
14438,2022-03-14 20:48:00,277.09,277.09,277.0,277.09,28,7314,MSFT
14440,2022-03-14 20:49:00,277.14,277.14,277.01,277.01,162,7314,MSFT
14446,2022-03-14 20:50:00,277.1,277.16,277.0,277.16,28,7314,MSFT
14452,2022-03-14 20:51:00,277.15,277.17,277.15,277.17,5,7314,MSFT
14454,2022-03-14 20:52:00,277.17,277.17,277.16,277.16,48,7314,MSFT
14462,2022-03-14 20:53:00,277.16,277.16,277.16,277.16,5,7314,MSFT
14463,2022-03-14 20:54:00,277.17,277.17,277.17,277.17,2,7314,MSFT
14469,2022-03-14 20:55:00,277.1,277.16,277.1,277.1,9,7314,MSFT
14473,2022-03-14 20:56:00,277.16,277.25,277.16,277.19,210,7314,MSFT
14480,2022-03-14 20:57:00,277.34,277.34,277.34,277.34,2,7314,MSFT
14486,2022-03-14 20:58:00,277.32,277.32,277.32,277.32,10,7314,MSFT
14492,2022-03-14 21:00:00,277.32,277.35,277.32,277.35,31,7314,MSFT
14497,2022-03-14 21:01:00,277.35,277.35,277.35,277.35,1,7314,MSFT
14498,2022-03-14 21:02:00,277.32,277.35,277.32,277.32,800,7314,MSFT
14513,2022-03-14 21:05:00,277.3,277.3,277.3,277.3,20,7314,MSFT
14520,2022-03-14 21:06:00,277.32,277.32,277.27,277.31,3,7314,MSFT
14531,2022-03-14 21:08:00,277.31,277.31,277.31,277.31,1,7314,MSFT
14537,2022-03-14 21:09:00,277.29,277.29,277.29,277.29,1,7314,MSFT
14541,2022-03-14 21:10:00,277.34,277.37,277.31,277.31,18,7314,MSFT
14550,2022-03-14 21:11:00,277.26,277.26,277.26,277.26,1,7314,MSFT
14552,2022-03-14 21:12:00,277.21,277.21,277.21,277.21,1,7314,MSFT
14559,2022-03-14 21:13:00,277.2,277.22,277.2,277.22,11,7314,MSFT
14570,2022-03-14 21:17:00,277.35,277.35,277.35,277.35,1,7314,MSFT
14574,2022-03-14 21:18:00,277.35,277.35,277.35,277.35,2,7314,MSFT
14575,2022-03-14 21:19:00,277.3,277.3,277.3,277.3,100,7314,MSFT
14583,2022-03-14 21:20:00,277.2,277.37,277.2,277.37,68,7314,MSFT
14589,2022-03-14 21:21:00,277.22,277.3,277.2,277.3,124,7314,MSFT
14594,2022-03-14 21:22:00,277.3,277.3,277.2,277.2,107,7314,MSFT
14597,2022-03-14 21:23:00,277.34,277.34,277.34,277.34,1,7314,MSFT
14605,2022-03-14 21:24:00,277.31,277.31,277.3,277.3,70,7314,MSFT
14617,2022-03-14 21:26:00,277.34,277.34,277.26,277.3,130,7314,MSFT
14620,2022-03-14 21:27:00,277.25,277.25,277.16,277.16,112,7314,MSFT
14624,2022-03-14 21:28:00,277.15,277.24,277.15,277.24,2,7314,MSFT
14627,2022-03-14 21:29:00,277.24,277.24,277.15,277.15,3,7314,MSFT
14642,2022-03-14 21:32:00,277.2,277.32,277.2,277.32,5,7314,MSFT
14645,2022-03-14 21:33:00,277.2,277.2,277.2,277.2,10,7314,MSFT
14660,2022-03-14 21:36:00,277.35,277.5,277.35,277.5,36,7314,MSFT
14664,2022-03-14 21:37:00,277.56,277.56,277.5,277.5,109,7314,MSFT
14669,2022-03-14 21:40:00,277.42,277.6,277.42,277.6,5,7314,MSFT
14672,2022-03-14 21:41:00,277.6,277.6,277.6,277.6,3,7314,MSFT
14677,2022-03-14 21:42:00,277.43,277.43,277.43,277.43,8,7314,MSFT
14680,2022-03-14 21:43:00,277.64,277.64,277.44,277.62,6,7314,MSFT
14687,2022-03-14 21:44:00,277.64,277.64,277.52,277.52,115,7314,MSFT
14690,2022-03-14 21:45:00,277.53,277.53,277.53,277.53,1,7314,MSFT
14693,2022-03-14 21:46:00,277.8,277.8,277.8,277.8,1,7314,MSFT
14700,2022-03-14 21:47:00,277.61,277.61,277.61,277.61,1,7314,MSFT
14704,2022-03-14 21:48:00,277.69,277.69,277.69,277.69,1,7314,MSFT
14710,2022-03-14 21:49:00,277.55,277.69,277.55,277.69,86,7314,MSFT
14716,2022-03-14 21:50:00,277.69,277.99,277.69,277.99,208,7314,MSFT
14718,2022-03-14 21:51:00,277.81,277.81,277.81,277.81,1,7314,MSFT
14722,2022-03-14 21:52:00,277.93,277.93,277.9,277.9,5,7314,MSFT
14727,2022-03-14 21:53:00,277.88,277.88,277.87,277.87,17,7314,MSFT
14734,2022-03-14 21:54:00,277.87,277.89,277.87,277.89,264,7314,MSFT
14738,2022-03-14 21:55:00,277.81,277.81,277.71,277.71,10,7314,MSFT
14741,2022-03-14 21:56:00,277.71,277.71,277.71,277.71,33,7314,MSFT
14743,2022-03-14 21:57:00,277.87,277.87,277.67,277.67,2,7314,MSFT
14749,2022-03-14 21:58:00,277.86,277.86,277.58,277.58,54,7314,MSFT
14752,2022-03-14 21:59:00,277.71,277.71,277.68,277.68,201,7314,MSFT
14756,2022-03-14 22:00:00,277.57,277.69,277.55,277.69,302,7314,MSFT
14758,2022-03-14 22:01:00,277.68,277.72,277.68,277.72,311,7314,MSFT
14765,2022-03-14 22:02:00,277.65,277.65,277.65,277.65,1,7314,MSFT
14766,2022-03-14 22:03:00,277.65,277.65,277.65,277.65,10,7314,MSFT
14771,2022-03-14 22:04:00,277.65,277.65,277.65,277.65,5,7314,MSFT
14782,2022-03-14 22:09:00,277.77,277.78,277.77,277.78,165,7314,MSFT
14783,2022-03-14 22:10:00,277.75,277.75,277.75,277.75,51,7314,MSFT
14785,2022-03-14 22:11:00,277.75,277.75,277.75,277.75,2,7314,MSFT
14790,2022-03-14 22:13:00,277.76,277.76,277.76,277.76,1,7314,MSFT
14792,2022-03-14 22:14:00,277.76,277.76,277.76,277.76,203,7314,MSFT
14794,2022-03-14 22:15:00,277.75,277.75,277.73,277.73,15,7314,MSFT
14806,2022-03-14 22:20:00,277.81,277.81,277.52,277.52,202,7314,MSFT
14810,2022-03-14 22:21:00,277.5,277.5,277.5,277.5,100,7314,MSFT
14817,2022-03-14 22:25:00,277.5,277.5,277.5,277.5,1,7314,MSFT
14820,2022-03-14 22:26:00,277.5,277.5,277.5,277.5,27,7314,MSFT
14823,2022-03-14 22:28:00,277.74,277.74,277.51,277.51,20,7314,MSFT
14826,2022-03-14 22:29:00,277.51,277.51,277.41,277.41,100,7314,MSFT
14829,2022-03-14 22:30:00,277.41,277.41,277.41,277.41,1,7314,MSFT
14833,2022-03-14 22:32:00,277.58,278.0,277.58,278.0,142,7314,MSFT
14836,2022-03-14 22:33:00,277.99,278.0,277.99,278.0,375,7314,MSFT
14840,2022-03-14 22:35:00,277.64,277.77,277.64,277.77,6,7314,MSFT
14844,2022-03-14 22:36:00,278.0,278.23,278.0,278.23,60,7314,MSFT
14845,2022-03-14 22:37:00,278.37,278.38,278.37,278.38,100,7314,MSFT
14866,2022-03-14 22:46:00,278.4,278.4,278.4,278.4,5,7314,MSFT
14868,2022-03-14 22:47:00,278.5,278.7,278.5,278.7,219,7314,MSFT
14872,2022-03-14 22:49:00,278.65,278.65,278.65,278.65,1,7314,MSFT
14882,2022-03-14 22:52:00,278.5,278.5,278.5,278.5,3,7314,MSFT
14883,2022-03-14 22:53:00,278.49,278.49,278.48,278.48,15,7314,MSFT
14887,2022-03-14 22:54:00,278.48,278.48,278.48,278.48,1,7314,MSFT
14890,2022-03-14 22:55:00,278.4,278.4,278.4,278.4,3,7314,MSFT
14893,2022-03-14 22:56:00,278.3,278.3,278.3,278.3,79,7314,MSFT
14895,2022-03-14 22:57:00,278.4,278.45,278.4,278.45,2,7314,MSFT
14899,2022-03-14 22:59:00,278.4,278.4,278.2,278.2,110,7314,MSFT
14904,2022-03-14 23:00:00,278.41,278.41,278.03,278.03,197,7314,MSFT
14907,2022-03-14 23:01:00,278.03,278.39,278.03,278.39,7,7314,MSFT
14910,2022-03-14 23:02:00,278.0,278.0,278.0,278.0,20,7314,MSFT
14911,2022-03-14 23:03:00,278.0,278.0,278.0,278.0,2,7314,MSFT
14917,2022-03-14 23:06:00,277.8,277.8,277.8,277.8,50,7314,MSFT
14923,2022-03-14 23:08:00,278.2,278.2,278.2,278.2,2,7314,MSFT
14934,2022-03-14 23:12:00,277.9,277.9,277.9,277.9,5,7314,MSFT
14939,2022-03-14 23:14:00,277.97,277.97,277.61,277.61,6,7314,MSFT
14943,2022-03-14 23:15:00,277.93,277.93,277.93,277.93,4,7314,MSFT
14945,2022-03-14 23:16:00,277.93,277.93,277.93,277.93,1,7314,MSFT
14948,2022-03-14 23:17:00,277.93,277.93,277.93,277.93,3,7314,MSFT
14957,2022-03-14 23:22:00,277.9,277.9,277.9,277.9,10,7314,MSFT
14963,2022-03-14 23:24:00,277.9,278.0,277.9,278.0,48,7314,MSFT
14966,2022-03-14 23:25:00,277.8,277.81,277.8,277.8,7,7314,MSFT
14969,2022-03-14 23:26:00,277.8,277.8,277.8,277.8,3,7314,MSFT
14974,2022-03-14 23:28:00,277.92,277.92,277.9,277.9,18,7314,MSFT
14979,2022-03-14 23:30:00,278.0,278.08,278.0,278.08,9,7314,MSFT
14982,2022-03-14 23:32:00,278.08,278.08,278.0,278.0,105,7314,MSFT
14987,2022-03-14 23:33:00,278.08,278.08,278.08,278.08,42,7314,MSFT
14994,2022-03-14 23:36:00,278.08,278.08,277.97,277.97,243,7314,MSFT
14997,2022-03-14 23:37:00,277.96,277.96,277.96,277.96,138,7314,MSFT
14999,2022-03-14 23:38:00,278.65,278.67,278.65,278.67,11,7314,MSFT
15002,2022-03-14 23:40:00,277.96,278.5,277.85,278.5,151,7314,MSFT
15009,2022-03-14 23:42:00,278.61,278.61,278.3,278.3,6,7314,MSFT
15011,2022-03-14 23:43:00,278.5,278.5,278.5,278.5,43,7314,MSFT
15016,2022-03-14 23:44:00,278.5,278.5,278.5,278.5,7,7314,MSFT
15018,2022-03-14 23:45:00,278.52,278.52,278.3,278.3,20,7314,MSFT
15022,2022-03-14 23:46:00,278.2,278.2,278.2,278.2,5,7314,MSFT
15039,2022-03-14 23:50:00,278.4,278.4,278.4,278.4,10,7314,MSFT
15053,2022-03-14 23:54:00,277.95,277.95,277.95,277.95,99,7314,MSFT
15067,2022-03-14 23:57:00,277.95,278.0,277.95,278.0,104,7314,MSFT
